PLAYER NAME,TEAM,time_to_throw,average_completed_air_yards,average_intended_air_yards,average_air_yards_diff,aggressiveness,longest_completed_air_distance,air_yards_to_sticks,passing_attempts,passing_yards,passing_TDs,interceptions,passer_rating,completion_percentage,expected_completion_percentage,completion_percentage_above_expectation,Year,Week
Matthew Stafford,DET,2.81,6.9,7.4,-0.5,14.6,47.6,-1.5,41,292,4,1,113.1,70.7,63.4,7.4,2017,1
Blake Bortles,JAX,2.95,6.0,8.5,-2.5,28.6,34.9,2.2,21,125,1,0,86.4,52.4,59.4,-7.0,2017,1
Derek Carr,OAK,2.03,4.6,6.0,-1.4,21.9,35.1,-1.5,32,262,2,0,114.3,68.8,68.0,0.8,2017,1
Trevor Siemian,DEN,2.26,8.8,7.5,1.3,10.7,38.5,-0.4,28,219,2,1,94.2,60.7,60.4,0.3,2017,1
Andy Dalton,CIN,2.49,3.4,7.9,-4.5,19.4,27.8,-1.4,31,170,0,4,28.4,51.6,61.5,-9.9,2017,1
Scott Tolzien,IND,2.52,5.7,9.1,-3.4,27.8,35.7,0.7,18,128,0,2,33.8,50.0,61.4,-11.4,2017,1
Joe Flacco,BAL,2.28,3.0,5.0,-2.0,17.6,28.5,-5.0,17,121,1,1,71.0,52.9,67.1,-14.2,2017,1
Alex Smith,KC,3.02,5.7,7.4,-1.7,14.3,51.8,-0.6,35,368,4,0,148.6,80.0,70.1,9.9,2017,1
Ben Roethlisberger,PIT,2.42,4.5,6.3,-1.9,11.1,46.0,-4.3,36,263,2,1,95.0,66.7,73.2,-6.5,2017,1
Kirk Cousins,WAS,2.39,4.7,9.2,-4.5,22.5,30.1,0.3,40,240,1,1,72.9,57.5,62.4,-4.9,2017,1
Philip Rivers,LAC,2.39,4.8,6.2,-1.4,6.1,52.9,-2.0,33,192,3,1,99.6,66.7,72.8,-6.1,2017,1
Dak Prescott,DAL,2.59,5.1,7.9,-2.8,30.8,40.4,-0.5,39,268,1,0,90.5,61.5,59.1,2.5,2017,1
Carson Palmer,ARI,2.78,5.4,8.9,-3.5,27.1,31.1,-0.9,48,268,1,3,53.1,56.3,59.9,-3.7,2017,1
Carson Wentz,PHI,2.94,6.5,10.6,-4.1,15.4,43.7,1.0,39,307,2,1,96.8,66.7,61.0,5.7,2017,1
Jared Goff,LAR,2.82,8.0,8.0,0.1,10.3,40.8,-1.6,29,306,1,0,117.9,72.4,70.1,2.3,2017,1
Tom Brady,NE,3.12,9.2,15.1,-5.9,33.3,58.0,6.2,36,267,0,0,70.0,44.4,53.7,-9.3,2017,1
Tyrod Taylor,BUF,3.06,4.9,6.4,-1.5,14.3,34.1,-3.7,28,224,2,1,92.0,57.1,68.7,-11.5,2017,1
DeShone Kizer,CLE,2.83,6.1,11.2,-5.1,13.3,33.2,2.1,30,222,1,1,85.7,66.7,61.8,4.9,2017,1
Sam Bradford,MIN,2.57,8.2,7.9,0.3,18.8,48.4,-0.2,32,346,3,0,143.0,84.4,61.9,22.5,2017,1
Cam Newton,CAR,2.86,6.1,8.8,-2.7,12.0,30.5,-1.0,25,171,2,1,87.3,56.0,58.3,-2.3,2017,1
Matt Ryan,ATL,2.58,7.1,7.1,0.0,26.7,39.6,-1.9,30,321,1,0,116.1,70.0,63.4,6.6,2017,1
Aaron Rodgers,GB,3.0,4.8,7.1,-2.3,19.0,39.1,-2.5,42,311,1,1,86.5,66.7,64.0,2.7,2017,1
Russell Wilson,SEA,3.2,7.7,10.5,-2.7,18.5,46.8,2.5,27,158,0,0,69.7,51.9,58.0,-6.1,2017,1
Mike Glennon,CHI,2.53,4.4,5.2,-0.8,20.0,27.4,-4.1,40,213,1,0,86.8,65.0,65.1,-0.1,2017,1
Eli Manning,NYG,2.89,3.6,5.2,-1.6,10.5,32.6,-3.7,38,220,0,1,78.8,76.3,75.1,1.2,2017,1
Brian Hoyer,SF,2.45,3.3,7.4,-4.2,20.0,28.4,-0.4,35,193,0,1,70.3,68.6,60.8,7.8,2017,1
Drew Brees,NO,2.73,6.3,7.0,-0.7,29.7,52.4,-0.5,37,291,1,0,104.7,73.0,59.6,13.4,2017,1
Deshaun Watson,HOU,2.77,5.2,9.6,-4.4,8.7,31.3,-0.7,23,102,1,1,60.4,52.2,61.7,-9.6,2017,1
Marcus Mariota,TEN,2.57,6.7,9.0,-2.3,14.6,31.6,0.5,41,256,0,0,78.9,61.0,67.9,-6.9,2017,1
Josh McCown,NYJ,2.37,3.2,4.9,-1.8,10.3,28.4,-3.9,39,187,0,2,56.3,66.7,70.6,-4.0,2017,1
Marcus Mariota,TEN,2.75,10.0,9.3,0.7,3.7,46.9,-0.3,27,215,1,1,78.5,55.6,54.4,1.1,2017,2
Alex Smith,KC,2.24,4.1,5.6,-1.5,21.4,44.4,-3.1,28,251,1,0,113.8,75.0,63.2,11.8,2017,2
Deshaun Watson,HOU,2.97,6.4,7.8,-1.4,16.7,29.0,-1.6,24,125,0,0,75.9,62.5,64.1,-1.6,2017,2
Drew Brees,NO,2.49,7.4,9.1,-1.6,13.3,43.1,0.2,45,356,2,0,99.9,60.0,65.8,-5.8,2017,2
Ben Roethlisberger,PIT,2.61,5.5,10.8,-5.3,14.3,54.9,1.9,35,243,2,0,104.8,65.7,62.3,3.4,2017,2
Russell Wilson,SEA,2.6,4.4,7.3,-2.9,5.1,33.5,-1.9,39,198,1,0,80.9,59.0,70.2,-11.2,2017,2
Mike Glennon,CHI,2.43,7.3,7.1,0.2,26.7,36.9,-1.6,45,301,1,2,76.3,68.9,65.4,3.5,2017,2
Dak Prescott,DAL,2.37,6.1,7.4,-1.3,18.0,33.8,-0.7,50,238,2,2,68.6,60.0,59.2,0.8,2017,2
Jay Cutler,MIA,2.56,5.1,9.3,-4.1,15.2,37.8,0.6,33,230,1,0,101.8,72.7,70.5,2.2,2017,2
Matthew Stafford,DET,2.72,3.8,11.3,-7.5,23.8,40.4,0.3,21,122,2,0,117.6,71.4,61.7,9.8,2017,2
Derek Carr,OAK,2.11,3.9,4.4,-0.5,14.3,37.4,-3.5,28,230,3,0,136.6,82.1,73.1,9.0,2017,2
Andy Dalton,CIN,2.68,7.6,9.8,-2.3,14.3,53.3,2.2,35,224,0,0,76.4,57.1,57.5,-0.4,2017,2
Blake Bortles,JAX,2.33,6.2,8.2,-2.0,29.4,32.7,-1.9,34,223,1,2,63.7,58.8,65.3,-6.4,2017,2
Philip Rivers,LAC,2.33,5.4,7.0,-1.6,5.1,32.5,-2.0,39,331,1,0,110.6,79.5,72.7,6.8,2017,2
Eli Manning,NYG,2.61,6.6,9.9,-3.3,21.9,43.1,0.8,32,239,1,1,87.9,68.8,60.8,7.9,2017,2
Jacoby Brissett,IND,2.88,6.1,8.5,-2.3,16.2,30.3,-0.7,37,216,0,1,60.2,54.1,64.7,-10.6,2017,2
Tom Brady,NE,2.3,6.8,7.5,-0.7,12.8,45.3,-1.1,39,447,3,0,139.6,76.9,66.0,11.0,2017,2
Brian Hoyer,SF,2.14,2.4,5.2,-2.9,14.8,23.6,-4.1,27,99,0,1,48.2,55.6,72.0,-16.4,2017,2
Tyrod Taylor,BUF,2.63,2.5,6.4,-3.9,12.0,30.6,-2.3,25,125,0,0,79.6,68.0,68.7,-0.7,2017,2
Josh McCown,NYJ,2.62,5.9,6.7,-0.8,25.0,47.5,-0.8,24,166,2,0,114.2,66.7,66.2,0.4,2017,2
Carson Palmer,ARI,2.65,10.6,11.8,-1.2,22.2,47.4,2.2,36,332,1,1,82.2,52.8,58.5,-5.8,2017,2
Jared Goff,LAR,2.93,4.2,6.5,-2.4,4.2,33.9,-1.6,24,219,1,1,85.2,58.3,69.7,-11.3,2017,2
Kirk Cousins,WAS,2.66,2.6,4.3,-1.6,7.4,28.5,-4.1,27,179,1,0,97.6,66.7,75.9,-9.3,2017,2
Matt Ryan,ATL,2.56,6.1,8.2,-2.1,17.9,32.4,0.4,28,252,1,0,108.0,67.9,65.2,2.7,2017,2
Joe Flacco,BAL,2.84,3.7,5.8,-2.1,11.8,29.3,-2.8,34,217,2,1,97.3,73.5,63.1,10.4,2017,2
DeShone Kizer,CLE,3.23,6.6,10.5,-3.9,16.1,39.1,1.0,31,182,0,3,27.3,48.4,53.2,-4.8,2017,2
Cam Newton,CAR,2.69,7.3,8.1,-0.9,21.9,29.8,-1.2,32,228,0,0,83.9,62.5,64.2,-1.7,2017,2
Aaron Rodgers,GB,2.63,2.7,4.9,-2.3,12.0,46.0,-4.0,50,343,2,1,90.7,66.0,70.7,-4.7,2017,2
Carson Wentz,PHI,2.99,9.3,12.4,-3.1,30.4,40.2,3.0,46,333,2,1,83.0,54.3,51.7,2.7,2017,2
Trevor Siemian,DEN,2.28,4.8,7.8,-3.0,12.5,28.0,-0.7,32,231,4,1,116.0,68.8,62.7,6.1,2017,2
Case Keenum,MIN,2.78,4.6,7.7,-3.1,21.6,34.4,-2.8,37,167,0,0,65.9,54.1,58.5,-4.4,2017,2
Jameis Winston,TB,2.69,8.5,12.4,-4.0,20.0,34.3,3.9,30,204,1,0,91.5,60.0,59.5,0.5,2017,2
Deshaun Watson,HOU,3.73,9.3,12.7,-3.3,21.2,41.9,2.3,33,301,2,2,90.6,66.7,56.2,10.5,2017,3
Derek Carr,OAK,2.5,2.3,7.0,-4.7,16.1,24.2,-2.1,31,118,1,2,52.9,61.3,71.4,-10.1,2017,3
Brian Hoyer,SF,2.62,9.8,8.5,1.3,16.2,57.9,-0.3,37,332,2,1,98.0,62.2,64.9,-2.7,2017,3
Josh McCown,NYJ,1.96,8.2,10.4,-2.2,17.4,49,0.7,23,249,1,0,126.3,78.3,67.5,10.8,2017,3
Russell Wilson,SEA,2.91,7.7,9.8,-2.2,22.4,42.9,0.7,49,373,4,0,110.3,59.2,56.1,3,2017,3
Tom Brady,NE,2.71,10.8,11.9,-1.0,20.0,--,2.1,35,378,5,0,146.2,71.4,--,--,2017,3
Jay Cutler,MIA,2.49,6.7,10.5,-3.8,18.2,35.2,2.0,44,220,1,1,70.3,59.1,64.2,-5.1,2017,3
Matt Ryan,ATL,2.66,5.3,9.9,-4.6,17.1,26.5,-0.5,35,294,2,3,77.6,68.6,65.3,3.2,2017,3
Case Keenum,MIN,2.44,7.8,9.6,-1.8,18.2,53,1.0,33,369,3,0,142.1,75.8,63.5,12.2,2017,3
Jacoby Brissett,IND,2.86,7.6,7.8,-0.2,8.3,42.7,-2.5,24,259,1,0,120.0,70.8,66,4.8,2017,3
Andy Dalton,CIN,2.35,4.9,8.2,-3.3,11.1,29.9,-0.9,27,212,2,0,124.1,77.8,65.4,12.4,2017,3
Joe Flacco,BAL,2.58,-0.3,6.4,-6.7,33.3,22,-2.7,18,28,0,2,12.0,44.4,61.7,-17.3,2017,3
Drew Brees,NO,2.61,6.0,7.1,-1.1,10.3,48.6,-1.5,29,220,3,0,131.4,75.9,67.6,8.3,2017,3
Carson Wentz,PHI,2.4,6.2,7.1,-1.0,32.3,33,-1.4,31,176,1,0,92.9,67.7,62.2,5.5,2017,3
Cam Newton,CAR,2.47,4.0,7.3,-3.3,19.2,45.2,-2.1,26,167,0,3,43.8,65.4,64.5,0.9,2017,3
Eli Manning,NYG,2.01,6.0,6.5,-0.5,38.3,37.2,-2.0,47,366,3,2,100.1,74.5,62.6,11.8,2017,3
Blake Bortles,JAX,2.85,6.4,6.6,-0.2,19.4,32.6,-2.2,31,244,4,0,128.2,64.5,58.5,6,2017,3
Marcus Mariota,TEN,2.46,6.0,7.8,-1.8,15.6,37.8,-0.9,32,225,2,0,104.3,62.5,63.6,-1.1,2017,3
Matthew Stafford,DET,2.6,6.2,8.6,-2.4,28.9,34.2,-0.1,45,264,1,0,80.2,55.6,57.9,-2.3,2017,3
Tyrod Taylor,BUF,2.78,4.7,4.9,-0.3,7.7,35.7,-3.8,26,213,2,0,126.0,76.9,79.3,-2.3,2017,3
Kirk Cousins,WAS,2.56,5.5,6.2,-0.7,16.7,54.3,-2.6,30,365,3,0,150.7,83.3,69.4,14,2017,3
Mike Glennon,CHI,2.83,0.9,3.5,-2.6,13.6,22.9,-7.7,22,101,1,1,74.2,68.2,71.4,-3.2,2017,3
Aaron Rodgers,GB,2.73,4.8,6.1,-1.3,14.3,48.3,-1.4,42,313,3,1,102.6,66.7,68.2,-1.5,2017,3
Carson Palmer,ARI,2.65,7.3,8.9,-1.6,25.0,43.9,0.2,48,325,2,0,94.5,60.4,61.9,-1.5,2017,3
Alex Smith,KC,2.22,2.3,4.4,-2.1,4.8,37.7,-6.7,21,155,2,0,128.1,76.2,76.8,-0.6,2017,3
Ben Roethlisberger,PIT,2.67,5.5,11.8,-6.3,23.1,35.9,3.1,39,235,1,0,82.7,56.4,63.4,-7,2017,3
Dak Prescott,DAL,3.4,11.4,9.4,2.0,11.1,50,-0.6,18,183,2,0,141.7,72.2,63.9,8.3,2017,3
Philip Rivers,LAC,2.83,8.1,10.6,-2.5,37.5,53.7,1.4,40,237,0,3,37.2,50.0,58.6,-8.6,2017,3
DeShone Kizer,CLE,3.01,6.9,10.3,-3.4,19.1,41.9,1.2,47,242,2,3,50.1,46.8,57.9,-11.1,2017,3
Jameis Winston,TB,2.53,8.9,11.3,-2.4,22.5,45,2.3,40,328,2,3,80.0,70.0,60.8,9.2,2017,3
Jared Goff,LAR,2.94,7.4,7.5,-0.1,10.7,54.2,0.2,28,292,3,0,145.8,78.6,70.1,8.5,2017,3
Trevor Siemian,DEN,2.82,6.4,9.4,-3.0,20.0,41.4,-0.1,40,259,0,2,58.2,60.0,64.4,-4.4,2017,3
Jay Cutler,MIA,2.3,3.6,5.0,-1.3,25.0,31.2,-6.0,28,164,0,1,71.1,71.4,72.5,-1.0,2017,4
Tyrod Taylor,BUF,3.03,8.9,14.6,-5.7,15.0,51.7,4.1,20,182,1,0,106.7,60.0,58.6,1.4,2017,4
DeShone Kizer,CLE,3.1,3.6,5.5,-1.9,17.6,29.0,-3.7,34,118,0,1,43.5,47.1,65.1,-18.0,2017,4
Ben Roethlisberger,PIT,2.64,5.7,9.5,-3.9,13.3,32.1,-1.7,30,216,1,1,79.3,60.0,64.6,-4.6,2017,4
Alex Smith,KC,2.49,6.8,7.9,-1.0,8.1,32.7,-1.0,37,293,1,0,104.9,73.0,68.5,4.4,2017,4
Russell Wilson,SEA,2.94,10.8,12.2,-1.4,11.5,49.2,3.5,26,295,2,2,107.5,80.8,60.0,20.8,2017,4
Andy Dalton,CIN,2.12,4.2,5.1,-0.9,10.0,32.3,-4.2,30,286,4,0,146.0,83.3,72.8,10.6,2017,4
Deshaun Watson,HOU,2.84,7.0,9.9,-3.0,17.6,38.9,1.9,34,283,4,1,125.0,73.5,62.3,11.2,2017,4
Brian Hoyer,SF,2.58,4.6,8.6,-4.0,10.2,36.8,-1.6,49,234,0,1,54.3,49.0,65.7,-16.7,2017,4
Carson Palmer,ARI,2.62,6.9,8.7,-1.8,17.6,34.2,-1.1,51,357,1,1,83.5,64.7,66.3,-1.6,2017,4
Matthew Stafford,DET,2.64,4.7,6.5,-1.8,16.1,44.9,-3.5,31,209,0,0,81.3,61.3,69.0,-7.8,2017,4
Josh McCown,NYJ,2.58,4.8,6.0,-1.2,25.8,48.4,-2.5,31,224,0,1,77.9,71.0,64.9,6.1,2017,4
Eli Manning,NYG,2.49,6.2,8.6,-2.4,26.5,43.3,0.8,49,288,2,0,91.2,61.2,65.1,-3.9,2017,4
Joe Flacco,BAL,2.25,4.8,6.2,-1.5,10.2,29.0,-2.6,49,235,1,2,64.6,63.3,71.7,-8.5,2017,4
Tom Brady,NE,2.46,5.5,7.5,-2.0,8.9,33.0,0.2,45,307,2,0,104.6,71.1,73.1,-2.0,2017,4
Aaron Rodgers,GB,2.43,6.2,8.7,-2.5,19.2,47.6,1.8,26,179,4,0,128.0,69.2,64.0,5.2,2017,4
Jared Goff,LAR,2.97,4.9,7.8,-2.9,19.4,29.4,-0.4,36,255,2,0,98.7,58.3,60.9,-2.6,2017,4
Trevor Siemian,DEN,2.78,5.7,10.3,-4.6,26.9,33.1,0.7,26,179,1,0,94.9,61.5,60.1,1.4,2017,4
Jacoby Brissett,IND,3.04,5.1,8.6,-3.5,31.0,38.4,0.3,29,157,1,1,67.7,55.2,56.3,-1.1,2017,4
Blake Bortles,JAX,2.76,2.4,7.8,-5.4,17.1,27.0,-1.0,35,140,1,1,52.1,42.9,62.0,-19.1,2017,4
Philip Rivers,LAC,2.57,5.4,7.1,-1.7,10.5,47.9,-1.9,38,347,2,0,105.9,57.9,67.8,-9.9,2017,4
Mike Glennon,CHI,2.66,6.2,8.5,-2.3,12.1,32.4,-1.9,33,218,1,2,67.5,63.6,69.5,-5.8,2017,4
Drew Brees,NO,2.36,2.7,3.6,-0.9,14.6,34.9,-5.8,41,268,2,0,104.5,70.7,71.7,-1.0,2017,4
Carson Wentz,PHI,2.71,6.5,7.7,-1.1,25.8,34.0,-0.8,31,242,1,0,91.1,54.8,63.0,-8.2,2017,4
Matt Ryan,ATL,2.53,5.4,8.3,-2.9,14.3,38.7,0.1,42,242,1,2,61.8,57.1,66.4,-9.2,2017,4
Cam Newton,CAR,2.45,5.0,6.5,-1.5,13.8,32.3,-2.1,29,316,3,1,130.8,75.9,69.6,6.3,2017,4
EJ Manuel,OAK,1.89,5.3,9.4,-4.1,5.9,25.1,-1.0,17,106,0,1,57.5,64.7,70.3,-5.6,2017,4
Case Keenum,MIN,2.98,10.4,12.3,-1.9,23.3,44.6,4.2,30,219,0,0,76.9,53.3,56.0,-2.7,2017,4
Jameis Winston,TB,2.3,7.2,10.4,-3.2,21.1,37.6,2.2,38,332,3,0,113.0,57.9,64.0,-6.1,2017,4
Dak Prescott,DAL,2.9,7.9,10.6,-2.7,16.7,40.8,2.3,36,252,3,1,93.8,55.6,64.5,-9.0,2017,4
Kirk Cousins,WAS,2.75,12.0,10.7,1.3,20.8,54.4,3.4,24,220,2,0,116.7,58.3,58.5,-0.2,2017,4
Derek Carr,OAK,2.35,7.5,10.7,-3.2,33.3,50.7,1.2,18,143,1,0,100.0,55.6,53.7,1.9,2017,4
DeShone Kizer,CLE,2.89,8.0,12.6,-4.6,17.6,35.1,2.0,17,87,0,1,38.1,47.1,55.3,-8.2,2017,5
Cam Newton,CAR,2.59,6.8,7.2,-0.5,27.3,44.3,-2.6,33,355,3,0,141.8,78.8,64.1,14.7,2017,5
EJ Manuel,OAK,2.66,9.1,10.1,-1.0,11.5,50.7,-0.1,26,159,1,0,82.1,50.0,56.2,-6.2,2017,5
Dak Prescott,DAL,2.87,6.6,8.7,-2.0,13.9,40.1,1.0,36,251,3,1,105.2,69.4,66.6,2.9,2017,5
Matthew Stafford,DET,2.7,4.6,7.7,-3.1,14.3,33.8,-1.2,35,229,2,0,103.2,65.7,65.0,0.7,2017,5
Tom Brady,NE,2.69,5.3,6.2,-0.9,10.0,38.6,-3.5,40,303,1,1,94.1,75.0,68.9,6.1,2017,5
Joe Flacco,BAL,2.62,7.9,7.8,0.1,11.5,58.7,-0.3,26,222,0,0,98.6,73.1,66.7,6.4,2017,5
Josh McCown,NYJ,2.32,4.5,5.5,-1.1,20.0,35.8,-2.3,30,194,2,1,101.3,76.7,72.4,4.2,2017,5
Alex Smith,KC,2.69,6.6,9.0,-2.4,16.2,52.3,0.1,37,324,3,0,130.2,78.4,64.4,13.9,2017,5
Jay Cutler,MIA,2.57,4.5,6.0,-1.5,23.1,27.8,-2.5,26,92,1,1,52.1,46.2,62.6,-16.5,2017,5
Eli Manning,NYG,2.69,5.3,8.5,-3.3,16.7,46.2,-0.1,36,225,2,1,83.7,58.3,64.1,-5.8,2017,5
Carson Wentz,PHI,2.33,7.4,8.9,-1.5,16.7,50.1,-1.1,30,304,4,1,128.3,70.0,64.6,5.4,2017,5
Ben Roethlisberger,PIT,2.32,5.7,9.4,-3.7,18.2,51.5,0.3,55,312,0,5,37.8,60.0,65.2,-5.2,2017,5
Philip Rivers,LAC,2.76,5.6,7.5,-1.9,6.8,40.0,-2.6,44,258,3,1,79.5,47.7,65.9,-18.2,2017,5
Brian Hoyer,SF,2.37,7.7,8.4,-0.7,17.4,55.2,-0.7,46,353,2,0,101.1,63.0,66.9,-3.8,2017,5
Jameis Winston,TB,3.22,8.3,11.8,-3.5,26.1,35.2,2.9,46,334,1,0,86.7,56.5,56.4,0.1,2017,5
Andy Dalton,CIN,2.58,6.5,8.2,-1.7,19.4,42.5,0.0,36,328,1,2,77.1,61.1,63.6,-2.5,2017,5
Tyrod Taylor,BUF,2.95,3.5,4.7,-1.3,13.5,28.7,-4.8,37,166,1,1,63.6,54.1,65.8,-11.7,2017,5
Aaron Rodgers,GB,2.42,7.5,7.6,0.0,17.2,39.0,-0.7,29,221,3,0,122.9,65.5,63.7,1.8,2017,5
Case Keenum,MIN,2.66,2.1,3.4,-1.2,9.5,33.0,-7.0,21,140,1,0,110.3,81.0,70.5,10.4,2017,5
Jacoby Brissett,IND,3.05,9.2,12.1,-3.0,26.5,58.3,2.1,34,314,0,1,82.2,64.7,57.6,7.1,2017,5
Deshaun Watson,HOU,3.64,12.2,15.8,-3.5,19.4,56.6,6.1,31,261,5,0,119.8,51.6,50.3,1.3,2017,5
Carson Palmer,ARI,2.35,4.1,8.6,-4.5,20.5,32.9,-0.6,44,291,1,0,90.2,63.6,65.4,-1.7,2017,5
Matt Cassel,TEN,2.54,4.9,7.3,-2.5,21.9,27.8,-1.7,32,141,1,0,85.5,65.6,61.1,4.5,2017,5
Jared Goff,LAR,2.87,7.6,11.8,-4.2,17.0,37.9,1.8,47,288,0,2,48.9,46.8,57.9,-11.1,2017,5
Russell Wilson,SEA,3.08,4.0,7.1,-3.1,18.9,33.4,-1.6,37,198,1,1,76.2,64.9,63.1,1.8,2017,5
Kevin Hogan,CLE,2.65,5.5,8.4,-2.9,26.3,30.6,-1.0,19,194,2,1,122.4,84.2,68.0,16.2,2017,5
Mitchell Trubisky,CHI,2.86,7.6,7.5,0.1,28.0,31.5,-2.8,25,128,1,1,60.1,48.0,56.7,-8.7,2017,5
Mitchell Trubisky,CHI,3.49,8.3,8.9,-0.6,6.3,39.0,-2.2,16,113,1,0,94.0,50.0,54.8,-4.8,2017,6
Ryan Fitzpatrick,TB,2.73,9.4,11.4,-2.0,34.4,53.6,3.9,32,290,3,2,102.3,68.8,56.3,12.4,2017,6
Eli Manning,NYG,2.83,2.9,4.0,-1.1,10.5,22.4,-3.9,19,128,1,0,95.9,57.9,71.4,-13.6,2017,6
Joe Flacco,BAL,2.64,3.0,7.1,-4.1,17.1,29.9,-1.6,41,180,0,2,48.8,58.5,67.4,-8.9,2017,6
Jared Goff,LAR,2.83,7.1,11.2,-4.2,14.3,27.0,3.3,21,124,1,0,86.2,52.4,66.5,-14.1,2017,6
Kevin Hogan,CLE,2.5,4.0,9.2,-5.2,21.6,38.0,0.2,37,140,1,3,38.1,54.1,62.9,-8.9,2017,6
Josh McCown,NYJ,3.03,6.4,9.2,-2.8,14.9,47.1,0.9,47,354,2,2,84.9,66.0,61.2,4.7,2017,6
Cam Newton,CAR,2.58,4.3,7.4,-3.0,11.5,28.6,-1.0,52,239,1,3,48.5,53.8,64.9,-11.0,2017,6
Blake Bortles,JAX,2.63,3.4,5.1,-1.7,14.3,24.6,-5.1,35,241,1,1,83.2,65.7,72.8,-7.1,2017,6
Matthew Stafford,DET,2.53,5.2,6.4,-1.2,26.9,37.5,-2.5,52,312,3,3,62.3,48.1,62.5,-14.5,2017,6
Marcus Mariota,TEN,2.66,7.0,8.3,-1.3,15.6,50.9,-0.2,32,306,1,1,99.2,71.9,70.1,1.8,2017,6
Ben Roethlisberger,PIT,2.47,7.5,8.7,-1.2,16.0,30.6,1.1,25,252,1,1,97.4,68.0,66.6,1.4,2017,6
Jay Cutler,MIA,2.3,4.8,6.4,-1.6,24.2,29.6,-1.6,33,151,2,1,76.7,57.6,69.4,-11.8,2017,6
Carson Wentz,PHI,2.42,9.7,9.2,0.5,30.0,42.5,0.4,30,222,3,0,110.7,53.3,59.4,-6.1,2017,6
C.J. Beathard,SF,2.62,7.8,9.8,-2.0,19.4,41.8,-0.5,36,245,1,1,72.1,52.8,58.9,-6.1,2017,6
Case Keenum,MIN,2.69,4.2,6.9,-2.7,13.2,38.0,-2.9,38,239,1,1,78.7,63.2,67.8,-4.6,2017,6
Tom Brady,NE,2.72,8.9,12.3,-3.4,28.9,52.6,3.4,38,257,2,1,80.7,52.6,59.7,-7.1,2017,6
Drew Brees,NO,2.31,2.9,4.8,-2.0,17.2,35.5,-3.5,29,186,2,1,94.9,69.0,72.4,-3.4,2017,6
Carson Palmer,ARI,2.48,10.4,11.1,-0.8,31.8,35.7,2.0,22,283,3,1,139.4,81.8,61.2,20.6,2017,6
Matt Ryan,ATL,2.34,7.0,8.3,-1.3,20.0,54.3,-1.1,35,248,1,1,86.4,68.6,65.5,3.0,2017,6
Brett Hundley,GB,2.83,6.1,6.8,-0.7,6.1,32.9,-0.7,33,157,1,3,39.6,54.5,65.0,-10.5,2017,6
Deshaun Watson,HOU,2.63,4.3,7.1,-2.9,10.3,43.5,-1.1,29,225,3,1,103.4,58.6,72.7,-14.1,2017,6
Alex Smith,KC,2.74,5.7,8.5,-2.8,8.8,39.1,-1.0,34,246,1,0,88.6,55.9,64.4,-8.5,2017,6
Trevor Siemian,DEN,2.55,7.7,9.4,-1.7,36.0,46.0,-0.3,50,376,1,2,71.7,58.0,59.9,-1.9,2017,6
Philip Rivers,LAC,2.69,3.9,5.6,-1.7,13.9,35.0,-2.6,36,268,1,0,100.2,69.4,70.9,-1.5,2017,6
Kirk Cousins,WAS,2.79,4.0,7.9,-3.8,21.6,29.6,-0.8,37,330,2,1,102.3,67.6,61.2,6.3,2017,6
Jacoby Brissett,IND,2.83,4.2,6.0,-1.8,13.5,33.2,-2.1,37,212,1,0,82.3,56.8,65.1,-8.3,2017,6
Derek Carr,OAK,1.94,4.1,5.8,-1.6,16.7,25.6,-2.8,30,171,1,2,67.5,70.0,71.5,-1.5,2017,6
Tyrod Taylor,BUF,3.22,8.0,11.8,-3.9,15.2,49.6,2.9,33,268,1,0,96.5,60.6,55.4,5.2,2017,7
Ben Roethlisberger,PIT,2.9,8.1,14.0,-6.0,33.3,39.4,7.1,24,224,2,0,117.4,58.3,57.1,1.3,2017,7
Marcus Mariota,TEN,2.35,5.5,8.5,-3.1,17.6,32.7,-0.5,34,203,0,0,78.4,61.8,67.8,-6.0,2017,7
Matt Moore,MIA,2.5,9.9,10.2,-0.3,28.6,41.3,0.3,21,188,2,1,102.9,61.9,55.8,6.1,2017,7
Jacoby Brissett,IND,2.69,4.3,7.7,-3.4,8.1,36.3,-2.1,37,200,0,0,74.2,59.5,70.4,-11.0,2017,7
Derek Carr,OAK,2.61,8.0,11.1,-3.0,23.1,52.0,0.8,52,417,3,0,101.2,55.8,60.2,-4.4,2017,7
Tom Brady,NE,2.43,6.1,7.5,-1.4,20.7,38.8,-3.3,29,249,2,0,121.2,72.4,68.7,3.7,2017,7
Brett Hundley,GB,3.35,2.4,9.4,-7.0,8.0,22.6,-1.0,25,87,0,1,39.9,48.0,60.0,-12.0,2017,7
DeShone Kizer,CLE,2.61,2.1,5.3,-3.2,5.0,35.5,-4.9,20,114,0,2,36.3,60.0,69.0,-9.0,2017,7
Andy Dalton,CIN,2.68,5.5,9.5,-4.0,3.3,31.5,1.5,30,140,2,2,63.2,56.7,67.5,-10.8,2017,7
Alex Smith,KC,2.93,7.4,7.4,0.0,11.1,51.9,-0.8,36,342,3,0,127.3,69.4,67.3,2.1,2017,7
Kirk Cousins,WAS,2.44,4.8,6.8,-2.0,7.5,34.2,-0.9,40,303,3,1,110.7,75.0,66.5,8.5,2017,7
Cam Newton,CAR,2.95,5.1,8.4,-3.3,20.6,46.1,-1.2,34,211,0,2,54.9,61.8,55.8,6.0,2017,7
Blake Bortles,JAX,2.96,8.4,10.0,-1.6,11.5,48.7,1.1,26,330,1,0,124.7,69.2,69.0,0.3,2017,7
Jameis Winston,TB,2.55,7.4,10.2,-2.7,18.2,50.6,0.7,44,384,3,1,112.3,72.7,65.6,7.2,2017,7
Carson Palmer,ARI,2.75,7.1,8.8,-1.7,22.2,27.3,-1.1,18,122,0,1,53.5,55.6,67.8,-12.3,2017,7
Carson Wentz,PHI,2.65,9.9,13.7,-3.8,36.0,61.2,3.2,25,268,4,1,126.3,68.0,54.1,13.9,2017,7
Cody Kessler,CLE,2.78,6.0,9.5,-3.5,5.3,32.8,0.9,19,121,0,1,50.5,52.6,58.4,-5.7,2017,7
Dak Prescott,DAL,2.77,5.3,6.4,-1.0,16.0,35.6,-0.5,25,234,3,0,134.0,64.0,62.0,2.0,2017,7
Trevor Siemian,DEN,2.56,3.5,5.9,-2.4,8.6,31.8,-4.3,35,207,0,1,74.3,71.4,73.8,-2.4,2017,7
Case Keenum,MIN,2.7,3.0,6.3,-3.2,12.9,36.8,-0.6,31,188,0,1,67.7,64.5,68.5,-4.0,2017,7
Jay Cutler,MIA,2.69,7.2,8.3,-1.1,12.5,48.7,-1.3,16,138,2,1,114.1,75.0,71.6,3.4,2017,7
Josh McCown,NYJ,2.97,4.8,7.7,-2.9,14.8,45.5,-3.0,27,209,3,1,108.4,63.0,64.3,-1.4,2017,7
Philip Rivers,LAC,2.53,3.7,4.3,-0.6,23.1,29.6,-6.1,26,183,2,0,105.1,57.7,68.9,-11.2,2017,7
C.J. Beathard,SF,2.66,5.1,6.2,-1.1,10.5,30.8,-3.1,38,235,0,0,76.1,57.9,66.1,-8.2,2017,7
Matt Ryan,ATL,2.96,5.7,8.9,-3.2,18.2,31.3,1.2,33,233,1,0,99.7,69.7,67.4,2.3,2017,7
Jared Goff,LAR,2.87,4.8,7.0,-2.2,8.1,23.3,-0.6,37,235,1,1,75.8,59.5,61.5,-2.1,2017,7
Joe Flacco,BAL,2.22,2.6,5.4,-2.9,7.7,33.4,-4.1,39,186,1,0,88.2,69.2,68.6,0.6,2017,7
Eli Manning,NYG,2.68,3.0,7.0,-4.1,17.9,29.2,-2.1,39,134,1,0,65.5,48.7,66.2,-17.5,2017,7
Russell Wilson,SEA,2.9,7.1,9.8,-2.8,20.5,56.2,1.0,39,334,3,0,121.1,69.2,59.1,10.2,2017,7
Drew Brees,NO,2.6,4.7,6.7,-2.0,15.8,42.4,-1.8,38,331,1,2,84.4,71.1,66.1,5.0,2017,7
Alex Smith,KC,3.06,7.4,9.0,-1.6,16.1,40.2,-0.2,31,202,1,0,77.6,45.2,53.5,-8.3,2017,8
Carson Wentz,PHI,2.62,6.6,9.8,-3.2,15.6,39.3,0.6,32,211,2,1,84.2,56.3,65.5,-9.3,2017,8
Kirk Cousins,WAS,2.54,3.8,5.5,-1.7,12.8,39.9,-3.4,39,263,1,1,83.6,66.7,71.3,-4.7,2017,8
Dak Prescott,DAL,2.68,5.3,9.1,-3.8,18.2,31.2,-0.5,22,143,0,0,82.2,63.6,63.8,-0.2,2017,8
Trevor Siemian,DEN,3.1,5.7,8.7,-3.0,11.1,29.5,0.8,36,198,1,3,43.5,52.8,64.8,-12.0,2017,8
Matthew Stafford,DET,2.76,8.9,11.1,-2.2,22.2,46.1,2.2,45,423,0,0,91.3,60.0,57.2,2.8,2017,8
Matt Ryan,ATL,3.14,10.4,9.7,0.7,13.8,56.3,1.6,29,254,2,0,113.3,62.1,58.8,3.3,2017,8
Russell Wilson,SEA,3.1,13.6,13.8,-0.2,14.6,57.0,4.6,41,452,4,1,123.2,63.4,55.9,7.5,2017,8
Jameis Winston,TB,2.75,7.2,10.1,-2.9,21.1,30.1,-0.5,38,210,0,2,49.2,55.3,59.3,-4.1,2017,8
Andy Dalton,CIN,2.62,4.8,6.9,-2.0,6.9,37.0,-2.7,29,243,2,0,108.8,58.6,65.5,-6.9,2017,8
Case Keenum,MIN,2.71,6.0,6.2,-0.2,32.6,38.6,-2.2,43,288,2,1,88.1,62.8,64.1,-1.3,2017,8
Tom Brady,NE,2.87,4.7,8.0,-3.3,17.0,29.7,-0.8,47,333,1,0,95.4,68.1,69.2,-1.1,2017,8
Jacoby Brissett,IND,2.71,3.7,7.2,-3.5,23.1,32.2,-2.8,39,233,2,1,86.8,64.1,65.3,-1.2,2017,8
Philip Rivers,LAC,2.72,8.7,11.4,-2.7,20.0,43.6,2.3,30,212,1,1,76.0,56.7,57.3,-0.7,2017,8
DeShone Kizer,CLE,2.48,2.4,5.5,-3.1,20.6,50.9,-3.0,34,179,0,0,68.1,52.9,64.8,-11.8,2017,8
Drew Brees,NO,2.67,4.3,4.6,-0.4,17.9,54.1,-3.9,28,299,0,0,111.2,82.1,69.7,12.4,2017,8
Tyrod Taylor,BUF,3.32,5.0,7.8,-2.8,14.8,46.4,-1.9,27,165,1,0,101.6,74.1,64.0,10.0,2017,8
Josh McCown,NYJ,2.52,5.3,6.7,-1.4,15.2,41.9,-3.4,33,257,2,0,119.3,78.8,67.6,11.2,2017,8
C.J. Beathard,SF,2.36,2.1,5.4,-3.2,13.9,30.5,-3.7,36,167,1,2,46.9,47.2,69.9,-22.7,2017,8
Derek Carr,OAK,2.33,4.8,6.1,-1.3,24.5,50.1,-2.1,49,313,1,2,71.2,63.3,68.2,-5.0,2017,8
Mitchell Trubisky,CHI,2.73,3.9,8.5,-4.7,21.9,34.5,-0.2,32,164,0,1,46.9,43.8,64.7,-20.9,2017,8
Cam Newton,CAR,2.68,4.4,9.9,-5.5,34.4,42.7,0.9,32,154,1,1,66.4,56.3,56.9,-0.7,2017,8
Deshaun Watson,HOU,3.01,12.2,14.6,-2.4,23.3,60.7,4.7,30,402,4,3,106.9,63.3,56.7,6.7,2017,8
Ben Roethlisberger,PIT,2.57,7.2,12.8,-5.5,25.8,46.5,4.0,31,317,1,1,87.7,54.8,59.3,-4.4,2017,8
Joe Flacco,BAL,2.77,3.5,3.9,-0.4,6.7,47.1,-3.7,15,101,1,0,107.9,66.7,65.4,1.3,2017,8
Matt Moore,MIA,2.37,4.4,7.0,-2.7,20.5,37.0,-2.3,44,176,0,2,47.2,56.8,66.7,-9.9,2017,8
Tyrod Taylor,BUF,2.8,7.5,8.7,-1.1,10,44.6,-1.1,40,285,2,0,108.9,72.5,65.1,7.4,2017,9
Matt Ryan,ATL,2.59,5.4,11.1,-5.7,15.8,35.2,2.3,38,313,2,1,95.6,63.2,63.5,-0.4,2017,9
Marcus Mariota,TEN,2.72,7.6,9.9,-2.3,21.4,37.4,1.0,28,218,2,1,100.0,67.9,61.3,6.6,2017,9
Blake Bortles,JAX,2.85,5.0,6.9,-1.9,13.2,27.7,-0.4,38,259,1,0,91.9,63.2,64.7,-1.6,2017,9
Brett Hundley,GB,3.22,2.9,5.5,-2.6,28.9,30.1,-3.8,38,245,0,0,86.0,68.4,65.7,2.7,2017,9
Ryan Fitzpatrick,TB,2.76,2.4,7.2,-4.8,13.3,27.0,-2.6,15,68,1,0,87.6,53.3,63.3,-9.9,2017,9
Andy Dalton,CIN,2.98,6.1,12.0,-6.0,16.7,26.5,1.2,18,136,0,0,79.9,55.6,52.1,3.5,2017,9
Drew Brees,NO,2.28,5.2,7.7,-2.5,14.8,45.3,-0.6,27,263,2,0,131.9,81.5,69.0,12.5,2017,9
Eli Manning,NYG,2.28,5.7,8.3,-2.6,19.4,45.5,0.0,36,220,2,1,80.8,55.6,63.2,-7.6,2017,9
Jacoby Brissett,IND,2.7,6.4,7.2,-0.8,20,51.9,-2.3,30,308,2,0,122.6,66.7,65.4,1.2,2017,9
Jay Cutler,MIA,2.5,3.4,5.3,-1.9,7.1,36.5,-4.4,42,311,3,0,121.3,81.0,74.2,6.7,2017,9
Drew Stanton,ARI,2.96,8.6,11.0,-2.4,20,47.0,3.1,30,201,2,1,80.0,50.0,57.4,-7.4,2017,9
Kirk Cousins,WAS,2.63,7.4,8.6,-1.3,19.4,48.7,-1.6,31,247,0,0,91.7,67.7,58.3,9.4,2017,9
Alex Smith,KC,2.66,4.6,6.6,-2.0,23.5,29.9,-2.6,34,263,2,1,102.9,73.5,63.2,10.4,2017,9
Cam Newton,CAR,2.83,3.9,8.0,-4.0,20.8,32.4,-1.0,24,137,0,0,71.0,54.2,63.9,-9.8,2017,9
Russell Wilson,SEA,3.32,7.3,12.8,-5.5,17.8,36.1,2.4,45,297,2,2,70.3,53.3,52.9,0.4,2017,9
Derek Carr,OAK,2.61,10.3,11.1,-0.8,13.3,56.9,1.5,30,300,1,1,99.3,70.0,63.9,6.1,2017,9
Tom Savage,HOU,2.95,7.2,12.1,-4.9,34.1,45.4,2.8,44,219,1,0,66.4,43.2,50.1,-7.0,2017,9
Matthew Stafford,DET,2.51,6.2,8.2,-2.1,24.2,40.8,-0.8,33,361,2,0,132.4,78.8,61.1,17.7,2017,9
Jared Goff,LAR,2.97,9.7,10.7,-1.0,--,61.8,0.8,22,311,4,0,146.8,63.6,72.1,-8.5,2017,9
C.J. Beathard,SF,2.56,6.4,8.0,-1.7,11.8,59.1,-1.3,51,294,0,1,57.1,47.1,67.7,-20.7,2017,9
Carson Wentz,PHI,2.45,7.8,10.5,-2.7,14.8,40.8,1.8,27,199,4,0,118.7,55.6,62.8,-7.3,2017,9
Joe Flacco,BAL,2.61,4.6,7.3,-2.7,19.2,30.4,-1.0,52,261,2,2,74.3,65.4,66.0,-0.7,2017,9
Brock Osweiler,DEN,2.71,5.2,6.9,-1.8,26.3,42.0,-3.0,38,208,1,2,53.4,50.0,61.4,-11.4,2017,9
Dak Prescott,DAL,3.04,8.0,9.8,-1.8,15.2,42.4,1.1,33,249,2,0,106.8,63.6,58.9,4.7,2017,9
Josh McCown,NYJ,2.57,4.6,5.8,-1.2,10,37.6,-3.6,20,140,1,0,106.3,70.0,75.1,-5.1,2017,9
Drew Stanton,ARI,2.73,7.5,11.3,-3.8,19.1,31.5,1.7,47,273,1,0,75.9,51.1,60.0,-8.9,2017,10
Brett Hundley,GB,3.14,5.6,6.3,-0.8,12.0,46.4,-1.1,25,212,1,0,110.8,72.0,67.4,4.6,2017,10
Tom Savage,HOU,2.5,8.5,9.9,-1.4,13.9,44.3,0.1,36,221,1,2,55.4,50.0,58.9,-8.9,2017,10
DeShone Kizer,CLE,2.75,6.4,9.9,-3.5,27.0,45.7,0.4,37,232,1,1,73.3,56.8,56.5,0.3,2017,10
Jay Cutler,MIA,2.53,5.0,8.5,-3.5,5.4,32.4,-0.2,37,213,2,1,82.4,59.5,71.3,-11.9,2017,10
Dak Prescott,DAL,2.75,5.8,8.6,-2.8,20.0,38.8,-1.9,30,176,0,0,82.1,66.7,65.6,1.0,2017,10
Russell Wilson,SEA,3.07,5.7,8.1,-2.4,25.0,54.1,-2.0,32,238,2,0,111.2,68.8,61.2,7.5,2017,10
Blake Bortles,JAX,2.84,5.1,9.2,-4.1,29.4,37.3,-0.4,51,273,1,2,60.3,54.9,56.7,-1.8,2017,10
Ryan Fitzpatrick,TB,2.6,6.7,9.5,-2.8,8.8,29.8,0.2,34,187,1,1,64.2,50.0,66.9,-16.9,2017,10
Tyrod Taylor,BUF,3.1,3.1,9.7,-6.7,16.7,21.5,-0.6,18,48,0,1,33.1,50.0,58.8,-8.8,2017,10
Mitchell Trubisky,CHI,2.66,7.3,9.0,-1.7,8.6,49.3,-1.5,35,298,1,0,97.1,60.0,68.4,-8.4,2017,10
Drew Brees,NO,2.58,3.7,4.6,-0.9,16.0,28.9,-3.9,25,184,0,0,92.8,72.0,67.6,4.4,2017,10
Eli Manning,NYG,2.72,5.9,8.2,-2.3,21.6,37.6,0.1,37,273,2,0,113.9,75.7,66.7,9.0,2017,10
Andy Dalton,CIN,2.29,5.1,8.3,-3.2,25.7,38.4,-2.0,35,265,2,0,100.3,57.1,65.1,-7.9,2017,10
Brock Osweiler,DEN,2.63,6.7,8.3,-1.6,24.2,36.6,0.7,33,221,1,1,72.9,54.5,56.4,-1.9,2017,10
C.J. Beathard,SF,2.58,6.9,7.4,-0.5,12.0,55.1,-2.8,25,288,2,1,123.4,76.0,72.2,3.8,2017,10
Marcus Mariota,TEN,2.71,6.2,8.3,-2.1,11.4,34.5,-1.4,44,264,1,1,72.5,56.8,64.1,-7.3,2017,10
Case Keenum,MIN,2.95,7.4,8.2,-0.9,24.1,53.5,0.9,29,304,4,2,117.0,72.4,63.9,8.6,2017,10
Josh McCown,NYJ,2.47,8.6,9.5,-0.9,20.5,53.6,-1.4,39,262,1,1,77.1,59.0,68.2,-9.3,2017,10
Philip Rivers,LAC,2.83,4.9,9.5,-4.7,21.6,25.5,0.2,37,235,2,1,82.6,56.8,61.6,-4.8,2017,10
Ben Roethlisberger,PIT,2.59,4.8,7.8,-3.1,6.5,47.2,-1.7,31,236,2,1,92.9,61.3,67.8,-6.5,2017,10
Kirk Cousins,WAS,2.8,6.5,8.2,-1.7,13.3,48.9,0.6,45,327,1,1,78.7,57.8,65.6,-7.8,2017,10
Jared Goff,LAR,3.1,5.3,6.6,-1.3,10.8,52.9,-3.8,37,355,3,0,125.4,67.6,67.9,-0.3,2017,10
Tom Brady,NE,2.63,6.4,9.1,-2.7,17.6,37.5,1.5,34,266,3,0,125.4,73.5,61.3,12.3,2017,10
Cam Newton,CAR,2.55,5.7,6.8,-1.1,11.4,35.0,-1.4,35,254,4,0,120.4,60.0,68.1,-8.1,2017,10
Matthew Stafford,DET,2.42,5.0,5.9,-1.0,11.5,35.3,-3.7,26,249,3,1,118.9,65.4,70.2,-4.8,2017,10
Jacoby Brissett,IND,2.81,7.4,7.7,-0.3,8.3,49.7,-2.1,24,222,2,1,99.7,58.3,69.6,-11.3,2017,10
Matt Ryan,ATL,2.97,5.7,8.0,-2.3,20.7,34.4,0.1,29,215,2,1,104.8,75.9,66.8,9.1,2017,10
Tom Brady,NE,2.7,6.7,7.5,-0.8,2.7,52.9,-0.6,37,340,3,0,132.0,81.1,72.7,8.4,2017,11
Matt Moore,MIA,2.54,9.2,10.5,-1.2,21.4,44.6,0.5,28,282,1,0,106.5,60.7,57.0,3.8,2017,11
Alex Smith,KC,2.61,3.8,6.4,-2.7,7.5,43.9,-2.3,40,230,0,2,61.5,67.5,70.7,-3.2,2017,11
Eli Manning,NYG,2.53,5.7,6.6,-0.9,17.1,42.8,-2.5,35,205,0,0,71.7,54.3,66.7,-12.4,2017,11
Ben Roethlisberger,PIT,2.56,6.7,9.4,-2.7,20.0,51.6,0.7,45,299,4,0,115.0,66.7,63.2,3.5,2017,11
Case Keenum,MIN,3.02,3.5,5.8,-2.4,13.2,34.8,-3.0,38,280,1,0,100.8,71.1,68.6,2.5,2017,11
Matthew Stafford,DET,3.09,9.4,10.7,-1.3,16.1,38.1,0.4,31,299,2,0,120.2,67.7,64.2,3.5,2017,11
Russell Wilson,SEA,2.82,3.9,6.6,-2.7,19.0,36.5,-2.3,42,258,2,1,85.2,61.9,59.0,2.9,2017,11
Blake Bortles,JAX,2.74,4.8,6.2,-1.4,10.0,35.6,-3.0,30,154,1,0,81.8,56.7,69.0,-12.4,2017,11
Tyrod Taylor,BUF,3.14,6.4,12.3,-5.9,28.0,34.1,3.0,25,160,1,0,92.1,60.0,59.5,0.5,2017,11
Brock Osweiler,DEN,2.6,5.6,8.4,-2.9,28.6,38.4,0.0,42,254,1,1,70.9,54.8,61.5,-6.7,2017,11
Andy Dalton,CIN,2.5,6.6,7.6,-1.0,16.0,40.6,0.0,25,154,3,0,117.3,60.0,62.1,-2.1,2017,11
Marcus Mariota,TEN,2.68,6.9,8.3,-1.4,15.2,42.2,-2.2,33,306,1,4,66.8,66.7,68.9,-2.3,2017,11
Blaine Gabbert,ARI,2.47,6.7,8.6,-1.9,29.4,33.9,-0.9,34,257,3,2,92.4,64.7,65.1,-0.4,2017,11
Ryan Fitzpatrick,TB,2.76,8.3,8.3,0.0,8.1,38.5,-1.5,37,275,2,0,100.6,59.5,67.7,-8.3,2017,11
Dak Prescott,DAL,2.49,5.2,9.0,-3.8,22.6,32.4,-0.2,31,145,0,3,30.4,58.1,63.2,-5.1,2017,11
Philip Rivers,LAC,2.26,7.4,8.9,-1.5,18.8,33.7,0.5,32,251,2,0,107.7,62.5,60.1,2.4,2017,11
Carson Wentz,PHI,2.93,7.0,8.9,-1.8,29.6,30.9,0.8,27,168,2,0,95.9,51.9,59.0,-7.2,2017,11
Kirk Cousins,WAS,2.67,8.5,9.5,-1.0,12.5,41.8,0.5,32,322,3,0,132.6,68.8,64.0,4.8,2017,11
Mitchell Trubisky,CHI,2.93,5.5,7.7,-2.2,20.0,28.4,-1.5,30,179,1,0,88.1,60.0,61.5,-1.5,2017,11
Derek Carr,OAK,2.7,5.6,10.3,-4.7,24.5,38.5,1.3,49,237,1,1,68.2,57.1,60.4,-3.3,2017,11
Joe Flacco,BAL,2.76,3.1,4.9,-1.7,14.3,32.6,-5.0,28,183,1,1,90.9,78.6,70.3,8.3,2017,11
Jared Goff,LAR,3.05,5.6,10.1,-4.5,13.5,30.8,1.3,37,225,0,0,79.2,62.2,63.0,-0.9,2017,11
Matt Ryan,ATL,2.64,8.0,8.9,-0.9,37.0,44.1,-0.1,27,195,2,0,115.5,70.4,56.5,13.8,2017,11
Tom Savage,HOU,2.56,6.8,9.3,-2.5,18.8,40.2,1.6,32,229,2,1,97.0,68.8,65.3,3.5,2017,11
DeShone Kizer,CLE,2.83,7.7,9.2,-1.5,18.8,31.2,0.2,32,179,1,2,51.4,50.0,60.5,-10.5,2017,11
Brett Hundley,GB,3.7,7.0,8.5,-1.5,16.7,41.6,-0.3,36,239,0,3,43.6,58.3,62.8,-4.4,2017,11
Drew Brees,NO,2.71,7.3,7.2,0.1,26.8,29.9,-2.9,41,385,2,1,106.3,70.7,65.3,5.5,2017,11
Philip Rivers,LAC,2.39,8.7,9.8,-1.1,21.2,48.2,0.7,33,434,3,0,149.1,81.8,64.7,17.1,2017,12
Carson Wentz,PHI,2.5,6.1,8.2,-2.1,30.6,28.5,-1.4,36,227,3,0,109.4,63.9,58.5,5.3,2017,12
Brett Hundley,GB,2.6,3.5,5.4,-1.8,7.7,47.0,-3.7,26,245,3,0,134.3,65.4,69.6,-4.2,2017,12
Joe Flacco,BAL,2.58,3.4,8.4,-5.0,15.6,25.5,-0.7,32,141,0,0,72.5,62.5,64.1,-1.6,2017,12
Blaine Gabbert,ARI,2.42,7.3,9.1,-1.8,23.7,49.0,1.2,38,241,2,1,83.3,57.9,62.8,-4.9,2017,12
Tom Savage,HOU,2.9,7.1,8.3,-1.3,8.1,46.9,-1.1,37,252,0,2,57.5,59.5,63.2,-3.7,2017,12
Derek Carr,OAK,2.33,6.2,6.9,-0.7,4.2,52.0,-3.0,24,253,2,0,136.3,75.0,69.5,5.5,2017,12
Tyrod Taylor,BUF,2.98,4.7,7.5,-2.7,24.1,28.7,-1.8,29,183,1,0,94.5,65.5,67.5,-1.9,2017,12
Marcus Mariota,TEN,2.85,6.1,7.5,-1.5,16.0,40.8,-1.3,25,184,1,2,69.4,68.0,65.1,2.9,2017,12
Russell Wilson,SEA,3.21,5.9,9.4,-3.6,17.6,36.9,0.5,34,228,2,1,86.4,58.8,60.0,-1.2,2017,12
Case Keenum,MIN,2.87,7.3,10.7,-3.4,23.3,34.1,1.2,30,282,2,0,121.8,70.0,60.5,9.5,2017,12
Jacoby Brissett,IND,2.79,4.7,5.9,-1.2,10.3,31.1,-3.3,29,196,0,0,79.1,58.6,65.3,-6.7,2017,12
Trevor Siemian,DEN,2.85,9.6,11.0,-1.5,19.0,40.7,2.4,21,149,2,0,107.0,52.4,62.4,-10.0,2017,12
Tom Brady,NE,2.8,7.2,8.0,-0.8,17.9,33.2,-1.1,28,227,4,1,114.1,64.3,69.4,-5.1,2017,12
DeShone Kizer,CLE,2.87,9.2,11.8,-2.7,19.4,39.2,1.7,31,268,0,0,86.5,58.1,55.5,2.6,2017,12
C.J. Beathard,SF,2.83,5.0,7.1,-2.1,7.9,42.7,-2.1,38,201,0,1,61.4,57.9,61.1,-3.2,2017,12
Matthew Stafford,DET,2.42,7.1,8.5,-1.5,20.0,50.8,-0.1,35,250,2,1,86.6,57.1,64.3,-7.2,2017,12
Dak Prescott,DAL,2.81,5.4,8.7,-3.3,29.6,29.5,0.0,27,179,0,2,60.6,74.1,57.1,17.0,2017,12
Alex Smith,KC,2.49,3.2,4.4,-1.1,5.6,27.9,-4.4,36,199,1,1,76.0,63.9,73.4,-9.5,2017,12
Mitchell Trubisky,CHI,2.64,5.6,8.8,-3.2,30.3,35.8,-2.6,33,147,0,2,38.3,51.5,57.4,-5.9,2017,12
Jared Goff,LAR,2.74,5.9,8.0,-2.1,16.3,41.2,-2.2,43,354,2,1,96.5,65.1,63.4,1.7,2017,12
Drew Brees,NO,2.79,3.7,8.1,-4.3,9.4,38.2,-0.9,32,246,1,0,101.8,68.8,68.7,0.1,2017,12
Cam Newton,CAR,3.07,7.9,12.6,-4.7,28.6,35.1,3.7,28,168,0,0,59.8,39.3,55.3,-16.0,2017,12
Andy Dalton,CIN,2.33,4.4,6.7,-2.3,21.4,31.1,-1.4,28,214,2,0,111.3,64.3,65.6,-1.3,2017,12
Matt Ryan,ATL,2.47,7.3,8.2,-0.8,14.3,39.0,-0.5,35,317,1,0,111.3,74.3,66.3,8.0,2017,12
Eli Manning,NYG,2.44,5.2,6.9,-1.7,18.5,35.2,-0.8,27,113,0,1,44.2,48.1,60.8,-12.7,2017,12
Kirk Cousins,WAS,2.96,6.4,8.3,-1.8,19.4,35.5,-2.4,31,242,2,1,93.8,61.3,67.0,-5.7,2017,12
Ben Roethlisberger,PIT,2.47,5.3,6.5,-1.2,11.1,40.5,-1.6,45,351,4,2,106.8,73.3,69.3,4.1,2017,12
Ryan Fitzpatrick,TB,2.53,6.5,7.8,-1.3,13.6,30.7,-0.7,44,283,0,0,80.0,61.4,66.9,-5.6,2017,12
Josh McCown,NYJ,2.48,8.5,10.1,-1.6,22.2,50.4,2.8,36,296,3,0,108.1,52.8,59.7,-7.0,2017,12
Matt Moore,MIA,2.68,4.0,5.6,-1.6,8.8,44.5,-4.0,34,215,1,2,70.1,67.6,66.4,1.2,2017,12
Blake Bortles,JAX,2.44,1.7,7.2,-5.5,18.2,19.3,-1.7,33,160,0,1,57.6,57.6,68.1,-10.6,2017,12
Jacoby Brissett,IND,2.83,3.4,6.2,-2.7,19.4,33.0,-1.6,36,174,1,2,56.9,58.3,62.9,-4.5,2017,13
Brett Hundley,GB,2.76,0.7,7.2,-6.5,9.1,19.4,-0.3,22,84,0,1,48.3,59.1,68.3,-9.2,2017,13
Matt Ryan,ATL,2.7,5.4,9.2,-3.8,13.8,32.0,-0.4,29,173,0,0,72.9,55.2,66.6,-11.4,2017,13
Marcus Mariota,TEN,2.6,4.8,8.5,-3.7,17.4,33.7,-0.8,23,150,1,0,98.1,65.2,62.3,2.9,2017,13
Ben Roethlisberger,PIT,2.59,5.5,9.7,-4.3,27.5,33.4,1.1,40,290,2,1,88.5,60.0,64.4,-4.4,2017,13
Blaine Gabbert,ARI,2.44,7.1,11.5,-4.4,25.0,38.2,1.3,32,221,1,2,62.1,56.3,65.0,-8.7,2017,13
Jared Goff,LAR,2.96,4.1,5.8,-1.7,32.3,32.1,-2.7,31,220,2,1,96.2,67.7,68.2,-0.5,2017,13
Russell Wilson,SEA,3.08,5.5,6.9,-1.4,12.9,45.8,-1.4,31,227,3,0,118.6,64.5,59.0,5.5,2017,13
Trevor Siemian,DEN,2.76,2.5,6.8,-4.3,14.6,32.7,-2.6,41,200,0,3,30.5,46.3,65.5,-19.1,2017,13
Kirk Cousins,WAS,2.83,3.4,4.8,-1.4,8.1,35.2,-4.0,37,251,2,2,84.4,70.3,75.1,-4.8,2017,13
Tyrod Taylor,BUF,2.96,3.5,6.0,-2.5,22.2,24.4,-3.1,18,65,0,1,35.6,50.0,67.3,-17.3,2017,13
Josh McCown,NYJ,2.58,6.0,7.9,-1.9,19.4,45.8,-0.1,36,331,1,0,109.8,72.2,66.6,5.6,2017,13
Dak Prescott,DAL,3.09,8.2,10.0,-1.8,27.3,34.0,3.1,22,102,2,0,93.4,50.0,58.2,-8.2,2017,13
Nathan Peterman,BUF,2.56,6.3,9.7,-3.4,46.7,27.2,-1.7,15,50,0,0,49.3,40.0,54.4,-14.4,2017,13
Geno Smith,NYG,2.78,4.9,5.5,-0.6,23.5,30.0,-2.3,34,212,1,0,89.3,61.8,63.0,-1.2,2017,13
Alex Smith,KC,2.87,10.5,12.2,-1.6,18.2,47.6,3.7,33,366,4,0,135.9,57.6,64.5,-6.9,2017,13
Tom Brady,NE,2.75,7.0,7.4,-0.4,23.3,42.6,-1.9,30,258,0,1,82.4,70.0,68.7,1.3,2017,13
Andy Dalton,CIN,2.3,6.9,10.4,-3.4,8.3,43.7,0.6,36,234,2,0,96.3,58.3,59.7,-1.4,2017,13
DeShone Kizer,CLE,2.59,7.1,12.9,-5.9,25.0,33.1,3.7,32,215,1,1,66.5,46.9,58.0,-11.1,2017,13
Cam Newton,CAR,2.63,2.9,6.3,-3.4,7.4,32.9,-2.7,27,183,2,0,107.5,63.0,70.9,-7.9,2017,13
Tom Savage,HOU,2.59,6.2,8.1,-1.8,20.4,32.7,-0.9,49,365,1,1,84.1,63.3,60.9,2.4,2017,13
Case Keenum,MIN,2.9,2.7,5.3,-2.6,6.7,24.9,-4.8,30,227,2,0,120.4,83.3,76.0,7.4,2017,13
Jameis Winston,TB,2.79,5.5,8.1,-2.6,15.6,30.0,-0.9,32,270,2,0,112.8,65.6,65.6,0.1,2017,13
Philip Rivers,LAC,2.52,6.0,8.1,-2.1,11.6,32.2,0.2,43,344,1,0,103.2,72.1,65.1,6.9,2017,13
Jay Cutler,MIA,2.79,8.0,10.1,-2.1,32.3,39.5,1.2,31,235,2,2,76.7,58.1,60.1,-2.1,2017,13
Blake Bortles,JAX,2.75,7.6,7.8,-0.2,28.6,43.0,-1.3,35,309,2,0,119.8,74.3,62.8,11.5,2017,13
Drew Brees,NO,2.58,3.5,5.3,-1.8,17.6,39.7,-3.3,34,269,1,0,106.1,73.5,70.9,2.6,2017,13
Carson Wentz,PHI,3.08,8.8,11.6,-2.8,22.2,45.4,2.5,45,348,1,1,86.2,64.4,59.2,5.2,2017,13
Matthew Stafford,DET,2.7,6.8,9.6,-2.7,13.8,54.3,1.0,29,292,1,1,105.7,82.8,68.4,14.4,2017,13
Joe Flacco,BAL,2.73,6.2,8.4,-2.1,11.1,53.4,-0.1,36,269,2,0,105.0,63.9,66.1,-2.2,2017,13
Mitchell Trubisky,CHI,2.48,3.9,3.8,0.1,13.3,23.5,-4.3,15,102,1,0,117.2,80.0,74.8,5.2,2017,13
Jimmy Garoppolo,SF,2.96,6.6,7.7,-1.1,10.8,27.4,-1.8,37,293,0,1,82.4,70.3,71.8,-1.6,2017,13
Derek Carr,OAK,2.68,4.6,7.9,-3.3,16.7,32.4,-1.3,36,287,1,0,95.5,61.1,63.1,-1.9,2017,13
Blaine Gabbert,ARI,2.29,4.8,7.9,-3.0,11.5,29.4,-0.5,26,178,0,0,85.1,65.4,68.2,-2.8,2017,14
DeShone Kizer,CLE,2.8,6.3,11.0,-4.7,28.6,39.6,2.4,28,214,3,2,99.4,71.4,58.7,12.7,2017,14
Philip Rivers,LAC,2.78,12.8,9.5,3.2,22.6,56.2,0.5,31,319,2,0,114.9,58.1,60.8,-2.7,2017,14
Kirk Cousins,WAS,2.68,5.7,10.7,-5.0,18.5,31.2,3.4,27,151,1,1,68.6,55.6,62.6,-7.1,2017,14
Andy Dalton,CIN,2.73,6.0,10.5,-4.5,20.7,36.9,1.5,29,141,1,1,59.7,48.3,57.3,-9.1,2017,14
Russell Wilson,SEA,3.66,10.1,14.6,-4.5,9.7,51.9,4.2,31,271,3,3,76.9,54.8,54.2,0.7,2017,14
T.J. Yates,HOU,2.77,10.1,13.8,-3.8,26.9,45.4,4.4,26,175,2,0,100.6,53.8,55.8,-1.9,2017,14
Jay Cutler,MIA,2.9,4.7,7.6,-2.8,15.8,48.6,-1.0,38,263,3,0,112.1,65.8,60.5,5.3,2017,14
Brett Hundley,GB,2.19,2.6,4.7,-2.0,13.0,43.1,-3.2,46,265,3,0,111.2,76.1,74.1,2.0,2017,14
Joe Flacco,BAL,2.51,6.5,7.7,-1.2,14.3,47.9,0.0,35,269,2,1,88.9,57.1,63.6,-6.4,2017,14
Matt Ryan,ATL,3.05,7.5,9.5,-2.0,14.8,36.4,0.7,27,221,1,3,55.2,55.6,61.1,-5.5,2017,14
Ben Roethlisberger,PIT,2.42,6.6,8.2,-1.6,19.7,54.0,0.3,66,506,2,0,99.7,66.7,61.4,5.3,2017,14
Jimmy Garoppolo,SF,2.87,9.3,13.1,-3.8,15.2,41.7,3.2,33,334,1,1,92.2,60.6,59.3,1.3,2017,14
Marcus Mariota,TEN,2.83,6.4,10.9,-4.5,19.4,34.1,1.1,31,159,0,2,39.6,51.6,65.6,-14.0,2017,14
Tom Brady,NE,2.76,3.8,8.7,-4.9,23.3,42.2,-0.6,43,232,1,2,59.4,55.8,60.1,-4.2,2017,14
Carson Wentz,PHI,2.93,7.1,9.1,-2.0,34.1,37.8,0.4,41,291,4,1,100.8,56.1,56.2,-0.1,2017,14
Alex Smith,KC,2.45,7.0,8.6,-1.6,20.6,52.4,-0.3,34,268,0,1,71.7,58.8,68.1,-9.2,2017,14
Derek Carr,OAK,2.6,5.4,8.8,-3.5,19.5,31.1,-0.4,41,211,1,2,60.1,58.5,64.4,-5.8,2017,14
Jameis Winston,TB,2.71,5.7,8.0,-2.3,10.5,28.6,-0.3,38,285,2,2,86.0,68.4,69.0,-0.6,2017,14
Jacoby Brissett,IND,3.22,2.1,8.5,-6.4,4.5,22.6,0.3,22,69,1,0,72.0,50.0,62.5,-12.5,2017,14
Case Keenum,MIN,2.58,5.5,7.7,-2.2,11.4,35.1,-0.6,44,280,2,2,75.9,61.4,67.3,-6.0,2017,14
Dak Prescott,DAL,2.76,4.8,6.3,-1.5,30.0,32.3,-1.0,30,332,3,0,137.1,66.7,67.4,-0.8,2017,14
Blake Bortles,JAX,2.6,8.4,7.5,0.8,33.3,39.9,0.0,27,268,2,0,123.7,66.7,66.6,0.1,2017,14
Matthew Stafford,DET,2.63,4.3,5.5,-1.1,13.6,40.9,-4.8,44,381,1,2,91.4,81.8,75.6,6.2,2017,14
Eli Manning,NYG,2.51,2.7,5.9,-3.2,13.0,32.0,-1.7,46,228,1,2,68.0,67.4,73.5,-6.1,2017,14
Drew Brees,NO,2.72,3.5,4.7,-1.2,22.9,33.3,-3.6,35,271,2,1,103.4,74.3,73.2,1.1,2017,14
Trevor Siemian,DEN,2.9,6.1,8.8,-2.7,19.4,38.6,0.4,31,200,1,0,90.8,61.3,55.6,5.7,2017,14
Mitchell Trubisky,CHI,2.64,5.2,7.8,-2.6,15.6,33.1,-2.8,32,271,1,0,112.4,78.1,69.0,9.1,2017,14
Jared Goff,LAR,3.06,5.0,7.1,-2.1,26.9,34.3,-1.4,26,199,2,0,110.9,61.5,61.6,-0.1,2017,14
Cam Newton,CAR,3.02,5.6,9.1,-3.5,20.0,37.7,0.3,25,137,1,1,64.9,52.0,56.9,-4.9,2017,14
Kirk Cousins,WAS,2.85,4.8,7.4,-2.6,11.5,28.7,-2.1,26,196,2,0,116.8,69.2,63.3,6.0,2017,15
DeShone Kizer,CLE,2.9,3.5,6.8,-3.3,27,31.5,-2.7,37,146,0,2,41.0,54.1,63.0,-8.9,2017,15
Blaine Gabbert,ARI,2.45,7.2,8.9,-1.7,24.4,58.1,0.9,41,189,0,1,43.6,39.0,57.3,-18.3,2017,15
Philip Rivers,LAC,2.79,2.9,9.7,-6.8,13.9,28.4,0.3,36,227,1,3,49.2,55.6,69.0,-13.5,2017,15
Matt Ryan,ATL,3.04,6.4,10.3,-3.9,19.4,29.0,1.2,31,212,1,0,87.0,54.8,64.9,-10.1,2017,15
Derek Carr,OAK,2.61,4.6,7.1,-2.5,23.7,33.0,-1.5,38,171,2,0,84.4,55.3,62.1,-6.8,2017,15
Tom Brady,NE,2.88,9.4,9.8,-0.4,17.1,50.7,1.0,35,298,1,1,87.6,62.9,61.1,1.8,2017,15
Ben Roethlisberger,PIT,2.96,5.0,7.9,-2.9,23.3,47.7,-0.8,30,281,2,1,110.6,73.3,65.1,8.3,2017,15
Alex Smith,KC,2.83,3.5,3.4,0.1,3.3,45.3,-4.3,30,231,2,0,120.3,76.7,81.9,-5.2,2017,15
T.J. Yates,HOU,2.9,8.3,9.8,-1.5,12.9,47.5,0.6,31,128,1,1,48.9,38.7,57.4,-18.7,2017,15
Aaron Rodgers,GB,2.52,5.7,8.5,-2.8,11.1,32.4,0.2,45,290,3,3,71.5,57.8,67.3,-9.5,2017,15
Joe Flacco,BAL,2.73,6.3,6.4,-0.1,7.1,40.7,-2.5,42,288,1,0,90.2,61.9,71.9,-10.0,2017,15
Marcus Mariota,TEN,2.77,8.5,9.9,-1.3,12.1,35.4,1.2,33,241,2,0,110.8,69.7,63.2,6.5,2017,15
Bryce Petty,NYJ,2.4,5.6,6.1,-0.5,7.7,46.4,-2.6,39,179,1,2,49.0,48.7,62.8,-14.1,2017,15
Tyrod Taylor,BUF,3.13,6.9,9.9,-3.0,6.9,35.2,1.5,29,224,1,0,94.6,58.6,65.2,-6.6,2017,15
Russell Wilson,SEA,2.94,5.3,11.9,-6.6,20,35.6,0.0,30,142,1,0,71.8,46.7,57.2,-10.5,2017,15
Blake Bortles,JAX,2.99,5.8,5.3,0.5,6.9,39.7,-2.8,29,326,3,0,143.8,72.4,66.6,5.8,2017,15
Nick Foles,PHI,2.91,6.1,9.2,-3.1,15.8,34.3,0.2,38,237,4,0,115.8,63.2,61.8,1.3,2017,15
Jared Goff,LAR,3.03,3.5,5.4,-1.9,9.5,25.3,-2.3,21,120,2,1,93.4,66.7,67.8,-1.1,2017,15
Jimmy Garoppolo,SF,2.45,6.9,9.0,-2.1,18.6,35.7,0.0,43,381,1,0,106.8,72.1,63.6,8.5,2017,15
Jameis Winston,TB,2.69,7.9,9.8,-1.9,22.9,50.9,0.9,35,299,3,0,130.5,77.1,61.6,15.6,2017,15
Matthew Stafford,DET,2.62,4.6,5.9,-1.3,12.1,57.1,-2.6,33,237,2,0,115.3,75.8,72.4,3.4,2017,15
Cam Newton,CAR,2.6,7.1,7.8,-0.8,29,41.4,-0.7,31,242,4,0,128.0,64.5,61.2,3.3,2017,15
Brock Osweiler,DEN,2.88,11.7,13.4,-1.7,29.4,37.9,4.6,17,194,2,0,147.7,70.6,52.4,18.2,2017,15
Mitchell Trubisky,CHI,2.64,5.6,6.6,-1.0,13,32.4,-3.6,46,314,1,3,66.8,67.4,71.0,-3.6,2017,15
Drew Brees,NO,2.52,3.4,5.3,-1.8,2.8,38.9,-3.5,36,285,2,1,102.2,72.2,75.7,-3.5,2017,15
Andy Dalton,CIN,2.73,3.7,6.0,-2.2,27.3,26.7,-2.5,22,113,0,2,27.3,50.0,64.7,-14.7,2017,15
Jacoby Brissett,IND,2.97,4.0,5.6,-1.6,3.3,25.7,-2.8,30,158,0,0,71.3,56.7,68.1,-11.4,2017,15
Dak Prescott,DAL,3.11,6.9,10.2,-3.3,11.1,48.6,-0.2,27,212,0,2,59.5,66.7,63.6,3.1,2017,15
Eli Manning,NYG,2.37,5.2,7.0,-1.8,15.8,35.4,-1.4,57,434,3,1,98.1,64.9,64.4,0.5,2017,15
Case Keenum,MIN,2.65,2.5,4.0,-1.5,--,29.1,-7.8,23,236,2,0,138.4,87.0,77.0,10.0,2017,15
Jay Cutler,MIA,2.52,4.3,8.1,-3.8,12.2,43.4,-1.6,49,274,0,3,47.5,57.1,67.7,-10.5,2017,15
DeShone Kizer,CLE,2.98,2.5,6.4,-3.9,16.7,31.0,-2.3,36,182,0,2,41.7,50.0,63.6,-13.6,2017,16
Dak Prescott,DAL,3.18,6.3,6.5,-0.3,14.7,42.9,-1.8,34,181,0,2,51.2,61.8,67.8,-6.0,2017,16
Jay Cutler,MIA,2.7,7.7,10.2,-2.6,21.1,44.0,-0.3,38,286,1,0,83.9,50.0,62.0,-12.0,2017,16
Jacoby Brissett,IND,2.99,5.5,7.3,-1.8,9.1,37.1,-0.6,33,215,1,0,79.7,48.5,67.7,-19.2,2017,16
Russell Wilson,SEA,2.99,3.4,8.4,-5.0,19.0,31.5,-1.6,21,93,2,0,107.8,66.7,60.8,5.8,2017,16
Ben Roethlisberger,PIT,2.74,5.9,7.0,-1.1,27.6,53.4,-1.2,29,226,2,0,115.0,69.0,63.4,5.6,2017,16
Tyrod Taylor,BUF,3.04,5.6,8.0,-2.4,26.3,41.9,-0.6,38,281,0,0,78.9,55.3,64.3,-9.1,2017,16
Marcus Mariota,TEN,2.9,5.8,8.0,-2.1,10.3,37.0,-1.1,39,275,0,1,67.8,56.4,60.5,-4.1,2017,16
Mitchell Trubisky,CHI,2.49,6.1,6.7,-0.6,13.0,34.0,-3.1,23,193,0,0,87.8,60.9,73.6,-12.8,2017,16
Tom Brady,NE,2.71,4.4,7.7,-3.3,10.7,29.8,-0.3,28,224,2,1,106.8,75.0,71.2,3.8,2017,16
Jameis Winston,TB,3.11,10.4,11.8,-1.4,18.5,47.8,1.6,27,367,1,0,131.1,77.8,60.2,17.6,2017,16
Philip Rivers,LAC,2.65,6.7,8.1,-1.4,22.5,40.2,-1.0,40,290,1,0,86.5,55.0,66.2,-11.2,2017,16
Alex Smith,KC,2.56,6.5,9.2,-2.7,10.3,52.3,0.2,39,304,1,0,96.5,64.1,66.1,-2.0,2017,16
Jimmy Garoppolo,SF,2.75,5.6,8.3,-2.7,10.0,36.6,1.3,30,242,2,1,102.4,70.0,68.5,1.5,2017,16
Bryce Petty,NYJ,2.4,4.5,8.0,-3.6,17.9,30.4,-1.0,28,119,0,1,49.6,53.6,71.2,-17.6,2017,16
Derek Carr,OAK,2.89,2.3,6.2,-3.9,13.8,32.8,-4.0,29,140,1,2,48.1,51.7,63.8,-12.1,2017,16
T.J. Yates,HOU,2.4,3.5,6.3,-2.8,31.3,31.7,-1.6,16,83,1,1,54.9,43.8,61.7,-18.0,2017,16
Eli Manning,NYG,2.49,5.5,7.8,-2.2,20.0,34.6,-0.6,45,263,0,2,57.9,60.0,65.5,-5.5,2017,16
Matt Ryan,ATL,2.78,6.7,8.4,-1.7,19.4,48.4,-1.6,36,288,1,1,84.0,61.1,66.3,-5.1,2017,16
Jared Goff,LAR,2.9,4.4,6.7,-2.3,13.2,47.7,-2.4,38,301,4,0,118.4,57.9,65.3,-7.4,2017,16
Cam Newton,CAR,2.84,5.9,8.2,-2.3,24.0,29.6,0.2,25,160,0,1,65.4,64.0,60.4,3.6,2017,16
Drew Brees,NO,2.55,5.7,5.4,0.3,21.4,39.5,-4.6,28,239,1,1,97.2,75.0,70.6,4.4,2017,16
Case Keenum,MIN,2.98,6.6,10.1,-3.4,8.0,36.1,3.0,25,139,1,0,85.3,56.0,65.7,-9.7,2017,16
Drew Stanton,ARI,2.37,6.4,8.7,-2.3,20.6,30.2,-0.5,34,209,2,2,71.8,58.8,64.3,-5.5,2017,16
Kirk Cousins,WAS,2.93,8.7,11.3,-2.6,24.3,41.5,2.3,37,299,3,1,94.3,51.4,56.1,-4.7,2017,16
Andy Dalton,CIN,2.19,3.1,6.4,-3.3,24.4,32.5,-2.4,41,238,1,1,79.1,65.9,64.7,1.1,2017,16
Blake Bortles,JAX,2.62,6.4,7.6,-1.2,14.0,39.5,-1.0,50,382,2,3,75.6,64.0,71.6,-7.6,2017,16
Nick Foles,PHI,2.83,2.6,7.3,-4.7,15.8,22.0,-2.4,38,163,1,1,59.4,50.0,64.3,-14.3,2017,16
Matthew Stafford,DET,2.72,5.5,8.7,-3.2,31.4,41.9,-0.3,35,203,1,1,69.1,54.3,59.4,-5.1,2017,16
Brett Hundley,GB,3.27,5.7,12.0,-6.3,12.5,31.8,4.2,40,130,0,2,30.2,42.5,59.2,-16.7,2017,16
Joe Flacco,BAL,2.83,5.1,5.1,0.0,7.9,29.2,-3.7,38,237,2,0,109.2,76.3,74.9,1.4,2017,16
Brock Osweiler,DEN,2.96,2.7,4.3,-1.6,5.3,30.7,-5.8,38,193,0,1,60.5,57.9,69.3,-11.5,2017,16
Patrick Mahomes,KC,2.78,4.7,7.1,-2.3,8.6,32.2,-2.0,35,284,0,1,76.4,62.9,66.4,-3.5,2017,17
T.J. Yates,HOU,3.0,5.7,10.0,-4.3,20.8,41.7,2.0,24,137,0,1,57.1,58.3,60.3,-2.0,2017,17
Brett Hundley,GB,3.04,3.2,5.5,-2.4,4.2,30.6,-3.5,24,172,1,2,59.7,58.3,70.0,-11.6,2017,17
Dak Prescott,DAL,2.84,4.2,7.4,-3.1,10,41.9,-1.9,30,179,1,0,85.3,56.7,64.5,-7.9,2017,17
Matthew Stafford,DET,2.56,5.9,7.8,-1.9,17.2,51.1,-1.0,29,323,3,0,140.4,69.0,68.1,0.8,2017,17
Drew Brees,NO,2.76,6.0,8.1,-2.1,13.3,45.6,-0.8,30,245,1,0,108.3,73.3,67.5,5.9,2017,17
Jimmy Garoppolo,SF,2.7,4.9,7.8,-2.9,15.2,29.6,-0.6,33,292,2,2,84.4,60.6,68.2,-7.6,2017,17
Russell Wilson,SEA,3.08,7.0,7.2,-0.1,--,43.0,-3.3,29,221,2,0,108.5,62.1,67.8,-5.8,2017,17
Jameis Winston,TB,2.95,7.6,11.1,-3.5,25.5,44.4,2.7,51,363,1,3,59.5,54.9,59.6,-4.7,2017,17
Mitchell Trubisky,CHI,2.45,3.6,6.7,-3.1,22.2,29.3,-3.0,36,178,0,0,69.0,55.6,64.6,-9.0,2017,17
Cam Newton,CAR,2.87,8.4,10.0,-1.6,29.4,52.4,0.1,34,180,1,3,31.5,41.2,56.4,-15.3,2017,17
Kirk Cousins,WAS,2.73,3.2,6.7,-3.4,27,25.5,-3.6,37,158,0,3,31.1,54.1,60.2,-6.2,2017,17
Sean Mannion,LAR,2.51,5.0,7.0,-2.0,17.6,55.6,-1.5,34,169,0,0,71.8,58.8,69.7,-10.9,2017,17
Case Keenum,MIN,2.86,5.9,8.3,-2.3,13.8,30.8,-1.1,29,189,1,0,101.1,72.4,64.4,8.0,2017,17
Philip Rivers,LAC,2.56,7.2,8.6,-1.5,16.2,51.0,-1.2,37,387,3,0,135.8,75.7,65.6,10.1,2017,17
Marcus Mariota,TEN,2.67,3.1,7.4,-4.4,9.5,26.7,-2.2,21,134,1,0,92.2,57.1,70.0,-12.9,2017,17
Paxton Lynch,DEN,2.34,7.3,9.2,-1.9,22.6,41.5,0.0,31,254,2,2,87.3,67.7,62.4,5.4,2017,17
David Fales,MIA,2.75,3.7,6.2,-2.5,7.1,27.5,-2.7,42,265,1,1,83.9,69.0,70.1,-1.0,2017,17
Tom Brady,NE,2.77,5.1,9.1,-4.1,10.8,48.8,0.8,37,190,2,0,82.0,48.6,62.8,-14.1,2017,17
Bryce Petty,NYJ,2.49,5.2,7.8,-2.6,19.4,44.6,-0.9,36,232,0,0,72.9,52.8,66.5,-13.7,2017,17
Eli Manning,NYG,2.3,5.0,6.9,-2.0,17.9,27.5,-0.6,28,132,1,1,48.5,35.7,62.3,-26.6,2017,17
Andy Dalton,CIN,2.52,4.8,7.0,-2.3,18.2,34.6,-1.4,44,222,3,0,89.4,52.3,59.4,-7.2,2017,17
Blake Bortles,JAX,2.99,3.5,9.9,-6.4,20.6,28.7,1.6,34,158,0,2,33.7,44.1,60.4,-16.3,2017,17
Jacoby Brissett,IND,3.1,3.9,7.3,-3.4,24,35.9,-0.6,25,114,1,0,84.4,60.0,62.6,-2.6,2017,17
Tyrod Taylor,BUF,3.16,5.3,7.0,-1.7,3.7,42.0,-2.3,27,204,1,0,104.6,70.4,77.6,-7.3,2017,17
Joe Flacco,BAL,2.77,3.7,6.7,-3.0,14.9,23.5,-2.0,47,203,2,1,69.7,53.2,69.0,-15.9,2017,17
DeShone Kizer,CLE,2.65,6.6,10.8,-4.1,26.7,52.6,1.8,30,314,2,1,98.5,53.3,60.5,-7.2,2017,17
Derek Carr,OAK,2.83,6.2,7.6,-1.4,3.6,51.9,-2.3,28,243,1,1,91.8,67.9,64.0,3.9,2017,17
Landry Jones,PIT,2.43,6.6,7.6,-1.0,14.8,54.6,-1.4,27,239,1,1,100.5,85.2,67.1,18.1,2017,17
Matt Ryan,ATL,2.72,3.3,6.3,-3.0,17.8,32.5,-2.0,45,317,1,0,90.7,62.2,66.5,-4.3,2017,17
Drew Stanton,ARI,3.02,6.7,10.8,-4.1,20.6,40.8,2.4,34,145,1,1,54.2,44.1,53.7,-9.6,2017,17
Nate Sudfeld,PHI,2.57,2.3,3.4,-1.1,4.3,26.4,-7.0,23,134,0,0,90.9,82.6,75.2,7.4,2017,17
Drew Brees,NO,2.94,9.6,10.8,-1.1,18.2,47.2,1.8,33,376,2,1,115.2,69.7,56.7,13.0,2017,18
Jared Goff,LAR,2.94,8.2,9.4,-1.1,17.8,42.3,0.4,45,259,1,0,77.9,53.3,67.3,-13.9,2017,18
Alex Smith,KC,2.33,4.0,6.7,-2.7,6.1,28.8,-3.1,33,264,2,0,116.2,72.7,71.1,1.6,2017,18
Matt Ryan,ATL,2.74,3.0,4.9,-1.9,23.3,28.7,-3.1,30,218,1,0,101.8,70.0,69.8,0.2,2017,18
Marcus Mariota,TEN,2.88,4.5,9.8,-5.3,12.9,29.2,2.1,31,205,2,1,88.8,61.3,64.8,-3.5,2017,18
Tyrod Taylor,BUF,3.26,2.0,6.3,-4.3,13.5,33.4,-2.6,37,134,0,1,44.2,45.9,61.9,-15.9,2017,18
Cam Newton,CAR,2.79,8.3,9.3,-1.0,27.5,35.3,0.3,40,349,2,0,105.1,60.0,55.3,4.7,2017,18
Blake Bortles,JAX,2.7,3.9,3.9,-0.1,4.3,21.4,-4.0,23,87,1,0,75.8,52.2,74.1,-22.0,2017,18
Tom Brady,NE,2.72,4.4,6.9,-2.4,22.6,29.3,-0.7,53,337,3,0,102.5,66.0,67.2,-1.1,2017,19
Case Keenum,MIN,2.91,6.8,8.9,-2.1,30.0,39.5,0.1,40,318,1,1,85.2,62.5,61.8,0.7,2017,19
Ben Roethlisberger,PIT,2.68,5.7,7.6,-1.9,19.0,50.8,-1.2,58,469,5,1,110.5,63.8,65.4,-1.6,2017,19
Matt Ryan,ATL,2.87,5.3,8.2,-2.9,13.9,36.4,-1.3,36,210,1,0,86.6,61.1,67.5,-6.4,2017,19
Drew Brees,NO,2.72,6.8,7.9,-1.1,17.5,34.3,-0.9,40,294,3,2,89.0,62.5,66.5,-4.0,2017,19
Marcus Mariota,TEN,3.23,8.7,11.2,-2.6,18.9,38.2,0.2,37,254,2,0,98.3,59.5,59.1,0.4,2017,19
Nick Foles,PHI,2.42,3.1,4.5,-1.3,10.0,30.5,-4.5,30,246,0,0,100.1,76.7,74.9,1.8,2017,19
Blake Bortles,JAX,3.26,6.5,9.8,-3.3,7.7,46.3,2.3,26,214,1,0,94.1,53.8,58.8,-4.9,2017,19
Nick Foles,PHI,2.76,6.8,9.4,-2.5,21.2,55.5,0.9,33,352,3,0,141.4,78.8,63.6,15.2,2017,20
Blake Bortles,JAX,3.0,5.8,8.5,-2.7,16.7,41.2,-0.2,36,293,1,0,98.5,63.9,64.0,-0.1,2017,20
Tom Brady,NE,2.78,7.5,11.1,-3.5,23.7,38.1,2.2,38,290,2,0,108.4,68.4,63.8,4.6,2017,20
Case Keenum,MIN,2.64,3.8,6.0,-2.2,16.7,37.4,-2.2,48,271,1,2,63.8,58.3,65.6,-7.2,2017,20
